<?xml version="1.0" encoding="UTF-8"?>
<!DOCTYPE suite SYSTEM "https://testng.org/testng-1.0.dtd">
<suite thread-count="3" parallel="tests" name="Suite">

<listeners>
	<!-- <listener class-name="DataProviderConcept.MyListener"/> -->
	<listener class-name="DataProviderConcept.ExtentReportManager"/>
</listeners>

	<test name="EdgeTest">
		<parameter name="browser" value="edge" />
		<classes>
			<class name="DataProviderConcept.ParamTest" />
		</classes>
	</test> <!-- Test -->

	<test name="ChromeTest">
		<parameter name="browser" value="chrome" />
		<classes>
			<class name="DataProviderConcept.ParamTest" />
		</classes>
	</test> 


	<test name="SafariTest">
		<parameter name="browser" value="safari" />
		<classes>
			<class name="DataProviderConcept.ParamTest" />
		</classes>
	</test> 


</suite> <!-- Suite -->
